1,"WAP (feat. Megan Thee Stallion)",Cardi B,6924489,https://open.spotify.com/track/4Oun2ylbjFKMPTiaSbbCih
2,Hawái,Maluma,6400816,https://open.spotify.com/track/1yoMvmasuxZfqHEipJhRbp
3,Dynamite,BTS,4697675,https://open.spotify.com/track/0v1x6rN6JHRapa03JElljE
4,"Mood (feat. Iann Dior)",24kGoldn,4466643,https://open.spotify.com/track/3tjFYV6RSFtuktYl3ZtYcq
5,"Savage Love (Laxed - Siren Beat)",Jawsh 685,4255628,https://open.spotify.com/track/1xQ6trAsedVPCdbtDAmk0c
6,"Ice Cream (with Selena Gomez)",BLACKPINK,4221807,https://open.spotify.com/track/2J4P46vCFm1rPkNkp9pZWX
7,"Watermelon Sugar",Harry Styles,4022227,https://open.spotify.com/track/6UelLqGlWMcVH1E5c4H7lY
8,"ROCKSTAR (feat. Roddy Ricch)",DaBaby,3889619,https://open.spotify.com/track/7ytR5pFWmSjzHJIeQkgog4
9,"Blinding Lights",The Weeknd,3883530,https://open.spotify.com/track/0VjIjW4GlUZAMYd2vXMi3b
10,"Laugh Now Cry Later (feat. Lil Durk)",Drake,3764536,https://open.spotify.com/track/2SAqBLGA283SUiwJ3xOUVI
11,"Roses - Imanbek Remix",SAINt JHN,2804811,https://open.spotify.com/track/2Wo6QQD1KMDWeFkkjLqwx5
12,"Ay DiOs Mío!",KAROL G,2664165,https://open.spotify.com/track/7x4ASXYEKfQBCewcZhK776
13,"Breaking Me",Topic,2639275,https://open.spotify.com/track/3H7ihDc1dqLriiWXwsc2po
14,"Mood Swings (feat. Lil Tjay)",Pop Smoke,2632828,https://open.spotify.com/track/5rZlwNFl01HqLWBQGryKSm
15,"UN DIA (ONE DAY) (Feat. Tainy)",J Balvin,2559766,https://open.spotify.com/track/0EhpEsp4L0oRGM0vmeaN5e
16,"Head & Heart (feat. MNEK)",Joel Corry,2510869,https://open.spotify.com/track/6cx06DFPPHchuUAcTxznu9
17,"For The Night (feat. Lil Baby & DaBaby)",Pop Smoke,2406554,https://open.spotify.com/track/0PvFJmanyNQMseIFrU708S
18,"La Jeepeta - Remix",Nio Garcia,2385607,https://open.spotify.com/track/6bvfJf4KjonPMuPfGfy3S2
19,"La Curiosidad",Jay Wheeler,2379352,https://open.spotify.com/track/4HYDUMY0xSpeBr0AMY9cUz
20,Caramelo,Ozuna,2285615,https://open.spotify.com/track/3gD4J3RUHy4OUuZ3qAiaiG
21,"Tattoo - Remix with Camilo",Rauw Alejandro,2278864,https://open.spotify.com/track/4ZRrLHqzhGRXYj2qcB4s5S
22,"Over Now (with The Weeknd)",Calvin Harris,2271275,https://open.spotify.com/track/58AGoOGbwsQMhBbH0eFLRR
23,"Dance Monkey",Tones And I,2246382,https://open.spotify.com/track/1rgnBhdG2JDFTbYkYRZAku
24,Heather,Conan Gray,2223210,https://open.spotify.com/track/4xqrdfXkTW4T0RauPLv3WA
25,"Come & Go (with Marshmello)",Juice WRLD,2198940,https://open.spotify.com/track/2Y0wPrPQBrGhoLn14xRYCG
26,"Agua (with J Balvin) - Music From ""Sponge On The Run"" Movie",Tainy,2112893,https://open.spotify.com/track/1pqnQ41XbfKjaFu6M0eGJp
27,Relación,Sech,2101346,https://open.spotify.com/track/3ZG8N7aWw2meb6UrI5ZmnZ
28,"Smile (with The Weeknd)",Juice WRLD,2012169,https://open.spotify.com/track/6wQlQrTY5mVS8EGaFZVwVF
29,"death bed (coffee for your head)",Powfu,1923130,https://open.spotify.com/track/7eJMfftS33KTjuF7lTsMCx
30,"Wishing Well",Juice WRLD,1917971,https://open.spotify.com/track/2U5WueTLIK5WJLD7mvDODv
31,"Someone You Loved",Lewis Capaldi,1871860,https://open.spotify.com/track/7qEHsqek33rTcFNT9PFqLf
32,"How You Like That",BLACKPINK,1854489,https://open.spotify.com/track/3vAn0qZzdyuHamcrpkfiX3
33,"Midnight Sky",Miley Cyrus,1838348,https://open.spotify.com/track/27ycaQnQAxaPiyeg3nr2aB
34,"WHATS POPPIN (feat. DaBaby Tory Lanez & Lil Wayne) - Remix",Jack Harlow,1834719,https://open.spotify.com/track/2MbdDtCv5LUVjYy9RuGTgC
35,"Lemonade (feat. Gunna Don Toliver & NAV)",Internet Money,1832877,https://open.spotify.com/track/2DQNYMRjisN3KAPj1bEwOI
36,"Rain On Me (with Ariana Grande)",Lady Gaga,1819868,https://open.spotify.com/track/7ju97lgwC2rKQ6wwsf9no9
37,MAMACITA,Black Eyed Peas,1796296,https://open.spotify.com/track/24IgCW19L8lXKyFZwzFtD3
38,"Djadja (feat. Maluma) - Remix",Aya Nakamura,1751845,https://open.spotify.com/track/6AzKhCHOms83jvNVLsz0Bt
39,"Don't Start Now",Dua Lipa,1749592,https://open.spotify.com/track/3PfIrDoz19wz7qK7tYeu62
40,"Go Crazy",Chris Brown,1746475,https://open.spotify.com/track/1IIKrJVP1C9N7iPtG6eOsK
41,"Before You Go",Lewis Capaldi,1734340,https://open.spotify.com/track/2gMXnyrvIjhVBUZwvLZDMP
42,"Break My Heart",Dua Lipa,1711478,https://open.spotify.com/track/017PF4Q3l4DBUiWoXk4OWT
43,"GREECE (feat. Drake)",DJ Khaled,1699901,https://open.spotify.com/track/35RJhm1pEovTBwnNR0zWad
44,"Blueberry Faygo",Lil Mosey,1682006,https://open.spotify.com/track/22LAwLoDA5b4AaGSkg6bKW
45,"you broke me first",Tate McRae,1674840,https://open.spotify.com/track/45bE4HXI0AwGZXfZtMp8JR
46,"ily (i love you baby) (feat. Emilee)",Surf Mesa,1668040,https://open.spotify.com/track/62aP9fBQKYKxi7PDXwcUAS
47,"The Woo (feat. 50 Cent & Roddy Ricch)",Pop Smoke,1612552,https://open.spotify.com/track/1H7KnK26kc1YyellpbINEn
48,"Kings & Queens",Ava Max,1550642,https://open.spotify.com/track/76nqCfJOcFFWBJN32PAksn
49,"Mamichula - con Nicki Nicole",Trueno,1524987,https://open.spotify.com/track/4pXW6ZAHBz7ODXTRKklWrM
50,"Ayer Me Llamó Mi Ex (feat. Lenny Santos)",KHEA,1518282,https://open.spotify.com/track/6C6mUonH6MNdSg5pw7kOc9
51,"Party Girl",StaySolidRocky,1515754,https://open.spotify.com/track/3IJYUaN3tx04S4TYyZHKoP
52,"Stuck with U (with Justin Bieber)",Ariana Grande,1480793,https://open.spotify.com/track/4HBZA5flZLE435QTztThqH
53,"Toosie Slide",Drake,1475344,https://open.spotify.com/track/466cKvZn1j45IpxDdYZqdA
54,"The Box",Roddy Ricch,1386267,https://open.spotify.com/track/0nbXyq5TXYPCO7pr3N8S4I
55,"Take You Dancing",Jason Derulo,1361267,https://open.spotify.com/track/59qrUpoplZxbIZxk6X0Bm3
56,Tusa,KAROL G,1358179,https://open.spotify.com/track/7k4t7uLgtOxPwTpFmtJNTY
57,Circles,Post Malone,1352367,https://open.spotify.com/track/21jGcNKet2qwijlDFuPiPb
58,"Adore You",Harry Styles,1317271,https://open.spotify.com/track/3jjujdWJ72nww5eGnfs2E7
59,"Still Don't Know My Name",Labrinth,1298449,https://open.spotify.com/track/6N22FZs2ZhPBYi3b9XPajV
60,goosebumps,Travis Scott,1291147,https://open.spotify.com/track/6gBFPUFcJLzWGx4lenP6h2
61,"Mi Cuarto",Jerry Di,1281898,https://open.spotify.com/track/6fmQjRuo7XvRFCK2qex5hQ
62,"Blastoff (feat. Juice Wrld & Trippie Redd)",Internet Money,1270300,https://open.spotify.com/track/2rFsFjq0D9JAmc0APpCO6P
63,Señorita,Shawn Mendes,1261055,https://open.spotify.com/track/6v3KW9xbzN5yKLt9YKDYA2
64,"Lucid Dreams",Juice WRLD,1232593,https://open.spotify.com/track/285pBltuF7vW8TeWk8hdRR
65,"THE BADDEST",K/DA,1223129,https://open.spotify.com/track/2V4Fx72svQRxrFvNT1eq5f
66,"Sunflower - Spider-Man: Into the Spider-Verse",Post Malone,1218774,https://open.spotify.com/track/0RiRZpuVRbi7oqRdSMwhQY
67,"TKN (feat. Travis Scott)",ROSALÍA,1210753,https://open.spotify.com/track/4w47S36wQGBhGg073q3nt7
68,Memories,Maroon 5,1206641,https://open.spotify.com/track/2b8fOow8UzyDFAE27YhOZM
69,Falling,Trevor Daniel,1197423,https://open.spotify.com/track/2rRJrJEo19S2J82BDsQ3F7
70,"Hasta Que Dios Diga",Anuel AA,1193718,https://open.spotify.com/track/06s3QtMJVXw1AJX3UfvZG1
71,"Electric Love",BØRNS,1193077,https://open.spotify.com/track/2GiJYvgVaD2HtM8GqD9EgQ
72,"Intentions (feat. Quavo)",Justin Bieber,1192606,https://open.spotify.com/track/4umIPjkehX1r7uhmGvXiSV
73,"Lean (feat. Towy Osquel Beltito & Sammy & Falsetto)",Super Yei,1176110,https://open.spotify.com/track/5DoLhdU27owX1NMrKLUbUl
74,cardigan,Taylor Swift,1166450,https://open.spotify.com/track/4R2kfaDFhslZEMJqAFNpdd
75,"bad guy",Billie Eilish,1164839,https://open.spotify.com/track/2Fxmhks0bxGSBdJ92vM42m
76,Robbery,Juice WRLD,1158627,https://open.spotify.com/track/6Hj9jySrnFppAI0sEMCZpJ
77,"my future",Billie Eilish,1158128,https://open.spotify.com/track/2ygvZOXrIeVL4xZmAWJT2C
78,"Oh Juliana",Niack,1155046,https://open.spotify.com/track/4xWzZmX4K1yyrdtRfbUvjt
79,"HIGHEST IN THE ROOM",Travis Scott,1146579,https://open.spotify.com/track/3eekarcy7kvN4yt5ZFzltW
80,"POPSTAR (feat. Drake)",DJ Khaled,1144168,https://open.spotify.com/track/6EDO9iiTtwNv6waLwa1UUq
81,"In Your Eyes",The Weeknd,1121342,https://open.spotify.com/track/7szuecWAPwGoV1e5vGu8tl
82,"PORFA Remix ( Feat. Maluma Nicky Jam Sech) - Remix",Feid,1107246,https://open.spotify.com/track/7lUdbnz7wsv3C9zzf4WHl9
83,"Ride It",Regard,1093967,https://open.spotify.com/track/2tnVG71enUj33Ic2nFN6kZ
84,Favorito,Camilo,1092809,https://open.spotify.com/track/0jT8Nl0shPS8115is0wD2Q
85,Azul,J Balvin,1088431,https://open.spotify.com/track/2lCkncy6bIB0LTMT7kvrD1
86,"Be Kind (with Halsey)",Marshmello,1081711,https://open.spotify.com/track/3Z8FwOEN59mRMxDCtb8N0A
87,Secrets,Regard,1078054,https://open.spotify.com/track/66W1rVTnEv86dIkFhoiElg
88,"SICKO MODE",Travis Scott,1067212,https://open.spotify.com/track/2xLMifQCjDGFmkHkpNLD9h
89,"Stunnin' (feat. Harm Franklin)",Curtis Waters,1065184,https://open.spotify.com/track/2D0dj3hVkRQJCp63cxCPEx
90,"Elegí (feat. Dímelo Flow)",Rauw Alejandro,1062677,https://open.spotify.com/track/50ZC4PM7hywH27RcCfViau
91,ROXANNE,Arizona Zervas,1051862,https://open.spotify.com/track/696DnlkuDOXcMAnKlTgXXK
92,Dior,Pop Smoke,1050096,https://open.spotify.com/track/79s5XnCN4TJKTVMSmOx8Ep
93,Shallow,Lady Gaga,1042300,https://open.spotify.com/track/2VxeLyX666F8uXCJ0dZF8B
94,"The Plan - From the Motion Picture ""TENET""",Travis Scott,1033740,https://open.spotify.com/track/551xyaSJsg8hILXFq9JdST
95,"Say So",Doja Cat,1028512,https://open.spotify.com/track/3Dv1eDb0MEgF93GpLXlucZ
96,"Life Is Good (feat. Drake)",Future,1027056,https://open.spotify.com/track/1K5KBOgreBi5fkEHvg5ap3
97,"my ex's best friend (with blackbear)",Machine Gun Kelly,1020062,https://open.spotify.com/track/70rFIfYN7lU6iTgUIVP42w
98,"THE SCOTTS",THE SCOTTS,1009987,https://open.spotify.com/track/39Yp9wwQiSRIDOvrVg7mbk
99,"lovely (with Khalid)",Billie Eilish,1002543,https://open.spotify.com/track/0u2P5u6lvoDfwTYjAADbn4
100,Supalonely,BENEE,997753,https://open.spotify.com/track/4nK5YrxbMGZstTLbvj6Gxw
101,Rojo,J Balvin,980393,https://open.spotify.com/track/380HmhwTE2NJgawn1NwkXi
102,"Sunday Best",Surfaces,980040,https://open.spotify.com/track/1Cv1YLb4q0RzL6pybtaMLo
103,"Be Like That - feat. Swae Lee & Khalid",Kane Brown,955292,https://open.spotify.com/track/5f1joOtoMeyppIcJGZQvqJ
104,Believer,Imagine Dragons,953718,https://open.spotify.com/track/0pqnGHJpmpxLKifKRmU6WP
105,"Yo Perreo Sola",Bad Bunny,951498,https://open.spotify.com/track/0SqqAgdovOE24BzxIClpjw
106,Safaera,Bad Bunny,947737,https://open.spotify.com/track/2DEZmgHKAvm41k4J3R2E9Y
107,"Got It On Me",Pop Smoke,946328,https://open.spotify.com/track/25zlnOAzbVoOzIeXSvQFf1
108,"Some Say - Felix Jaehn Remix",Nea,940298,https://open.spotify.com/track/7C1trmcQQ5n5RNy4l6ziCv
109,"Tak Tiki Tak",Harry Nach,937446,https://open.spotify.com/track/7gwwt1IaAWwmB7af0AcuBM
110,"Parce (feat. Justin Quiles)",Maluma,936464,https://open.spotify.com/track/4RJz8NfIe09gpKMiRUWKhJ
111,"Caramelo - Remix",Ozuna,928609,https://open.spotify.com/track/2uu2aGqA2UblCg581Q7l1g
112,"exile (feat. Bon Iver)",Taylor Swift,923645,https://open.spotify.com/track/4pvb0WLRcMtbPGmtejJJ6y
113,"everything i wanted",Billie Eilish,916180,https://open.spotify.com/track/3ZCTVFBt2Brf31RLEnCkWJ
114,"Bande organisée",Jul,912224,https://open.spotify.com/track/205HNJ73cgpC0LAOnuQiWT
115,"Not Shy",ITZY,907521,https://open.spotify.com/track/4ecVWqbtW6phQGpZMAyqIU
116,"Investe Em Mim",Jonas Esticado,887426,https://open.spotify.com/track/15k1TDabqSEmyXOwMq9RM7
117,"If the World Was Ending - feat. Julia Michaels",JP Saxe,883253,https://open.spotify.com/track/2kJwzbxV2ppxnQoYw4GLBZ
118,"Tap In",Saweetie,874565,https://open.spotify.com/track/4Hpib09wXgD84w4uwTPnYD
119,"I Don't Care (with Justin Bieber)",Ed Sheeran,871402,https://open.spotify.com/track/0hVXuCcriWRGvwMV1r5Yn9
120,"After Party",Don Toliver,868495,https://open.spotify.com/track/527k23H0A4Q0UJN3vGs0Da
121,Falling,Harry Styles,866811,https://open.spotify.com/track/1ZMiCix7XSAbfAJlEZWMCp
122,"CÓMO SE SIENTE - Remix",Jhay Cortez,866300,https://open.spotify.com/track/2tFwfmceQa1Y6nRPhYbEtC
123,"Bohemian Rhapsody - 2011 Mix",Queen,865021,https://open.spotify.com/track/4u7EnebtmKWzUH433cf5Qv
124,"Play Date",Melanie Martinez,847950,https://open.spotify.com/track/4DpNNXFMMxQEKl7r0ykkWA
125,"hot girl bummer",Blackbear,843277,https://open.spotify.com/track/2mt1IqcFyY1zmYZT8Q3xw9
126,"Godzilla (feat. Juice WRLD)",Eminem,836480,https://open.spotify.com/track/7FIWs0pqAYbP91WWM0vlTQ
127,"Shape of You",Ed Sheeran,822697,https://open.spotify.com/track/7qiZfU4dY1lWllzX7mPBI3
128,"All Girls Are The Same",Juice WRLD,820569,https://open.spotify.com/track/4VXIryQMWpIdGgYR4TrjT1
129,"Nobody's Love",Maroon 5,820354,https://open.spotify.com/track/3kwgqoBqTwoAH4nT29TYrq
130,"Savage Remix (feat. Beyoncé)",Megan Thee Stallion,819533,https://open.spotify.com/track/5v4GgrXPMghOnBBLmveLac
131,"El Mismo Aire - con Pablo Alborán",Camilo,817767,https://open.spotify.com/track/5EbtodsuLbxrFDH6j5avVS
132,"Jocelyn Flores",XXXTENTACION,816204,https://open.spotify.com/track/7m9OqQk4RVRkw9JJdeAw96
133,"Cry About It Later",Katy Perry,812213,https://open.spotify.com/track/1RsD951uUUlJx0MRioZfev
134,"Desce Pro Play (PA PA PA)",Mc Zaac,810437,https://open.spotify.com/track/4zGtfOglDBfVUypabBwIjQ
135,"WHATS POPPIN",Jack Harlow,808422,https://open.spotify.com/track/1jaTQ3nqY3oAAYyCTbIvnM
136,"7 rings",Ariana Grande,807306,https://open.spotify.com/track/6ocbgoVGwYJhOv1GgI9NsF
137,"Lose Control",MEDUZA,803369,https://open.spotify.com/track/7CHi4DtfK4heMlQaudCuHK
138,Perfect,Ed Sheeran,802896,https://open.spotify.com/track/0tgVpDi06FyKpA1z0VMD4v
139,GOOBA,6ix9ine,800693,https://open.spotify.com/track/4NhDYoQTYCdWHTvlbGVgwo
140,"Hate The Other Side (with Marshmello & The Kid Laroi)",Juice WRLD,799094,https://open.spotify.com/track/0ada5XsQGLPUVbmTCkAP49
141,Righteous,Juice WRLD,797586,https://open.spotify.com/track/5dOxHHMOFAbG3VH23t0xNm
142,"rockstar (feat. 21 Savage)",Post Malone,797284,https://open.spotify.com/track/0e7ipj03S05BNilyu5bRzt
143,"Lose Somebody",Kygo,796634,https://open.spotify.com/track/1sgDyuLooyvEML4oHspNza
144,Alane,Robin Schulz,792924,https://open.spotify.com/track/2u6Jm2klS4yvAlbSHlxUwI
145,SAD!,XXXTENTACION,781375,https://open.spotify.com/track/3ee8Jmje8o58CHK66QrVC2
146,"Chicago Freestyle (feat. Giveon)",Drake,780171,https://open.spotify.com/track/4wVOKKEHUJxHCFFNUWDn0B
147,"What's Love Got to Do with It",Kygo,776339,https://open.spotify.com/track/3Be7CLdHZpyzsVijme39cW
148,"Are You Bored Yet? (feat. Clairo)",Wallows,773596,https://open.spotify.com/track/57RA3JGafJm5zRtKJiKPIm
149,ADMV,Maluma,772606,https://open.spotify.com/track/4j3iq13kHs5PB94jdTp3Y3
150,"Money Trees",Kendrick Lamar,771366,https://open.spotify.com/track/2HbKqm4o0w5wEeEFXm2sD4
151,"Say You Won't Let Go",James Arthur,768108,https://open.spotify.com/track/5uCax9HTNlzGybIStD3vDh
152,"DOLLAZ ON MY HEAD (feat. Young Thug)",Gunna,766559,https://open.spotify.com/track/3nS9a01VvXHQriLqJYwRqG
153,"Banana (feat. Shaggy) - DJ FLe - Minisiren Remix",Conkarah,766034,https://open.spotify.com/track/0dZpw3h6KZhcHec61qwevZ
154,Conversations,Juice WRLD,765684,https://open.spotify.com/track/4K06PO78fW4mnBVenxGNob
155,"Beautiful People (feat. Khalid)",Ed Sheeran,759175,https://open.spotify.com/track/70eFcWOvlMObDhURTqT4Fv
156,Jangueo,Alex Rose,757589,https://open.spotify.com/track/1bRpSCFv6P2OUhciByeRYR
157,"Quiéreme Mientras Se Pueda",Manuel Turizo,756936,https://open.spotify.com/track/34LI7rwi9H8w2S5KTHnv1M
158,"RITMO (Bad Boys For Life)",Black Eyed Peas,756411,https://open.spotify.com/track/4NCsrTzgVfsDo8nWyP8PPc
159,Physical,Dua Lipa,755267,https://open.spotify.com/track/3AzjcOeAmA57TIOr9zF1ZW
160,"We Paid (feat. 42 Dugg)",Lil Baby,736727,https://open.spotify.com/track/6gxKUmycQX7uyMwJcweFjp
161,"7 Summers",Morgan Wallen,736310,https://open.spotify.com/track/0Z0kNthq0sS4lvGz9SSlBF
162,"the 1",Taylor Swift,735484,https://open.spotify.com/track/0Jlcvv8IykzHaSmj49uNW8
163,Madrid,Maluma,731567,https://open.spotify.com/track/19OXtYzrJyCrQvTbfukt4H
164,"No Guidance (feat. Drake)",Chris Brown,731009,https://open.spotify.com/track/6XHVuErjQ4XNm6nDPVCxVX
165,Jeans,Justin Quiles,730052,https://open.spotify.com/track/3GtnId3Cm1Xa6joCj08nzW
166,"GO (feat. Juice WRLD)",The Kid LAROI,726534,https://open.spotify.com/track/2rPHUAeUPbNgTmK18FPTiZ
167,Happier,Marshmello,724941,https://open.spotify.com/track/2dpaYNEQHiRxtZbfNsse99
168,21,Polo G,720971,https://open.spotify.com/track/3JKgcAa7r07ocVWcV8bS0H
169,"when the party's over",Billie Eilish,720933,https://open.spotify.com/track/43zdsphuZLzwA9k4DJhU0I
170,"Boy With Luv (feat. Halsey)",BTS,718088,https://open.spotify.com/track/5KawlOMHjWeUjQtnuRs22c
171,"Boss Bitch",Doja Cat,717995,https://open.spotify.com/track/78qd8dvwea0Gosb6Fe6j3k
172,Anaranjado,Jowell & Randy,717765,https://open.spotify.com/track/0cRgJuB6TRtb5RZ2HkjSLh
173,"Gifted (feat. Roddy Ricch)",Cordae,714178,https://open.spotify.com/track/0mb3uDw5vfFUcZfJYFOMRu
174,Unterwegs,KitschKrieg,713919,https://open.spotify.com/track/7mrWTjhYctgEQb0lJKrVWy
175,Reggaetonera,Anuel AA,711568,https://open.spotify.com/track/6yVkakCN460KOVol9ZazjH
176,"When I Look At You",Miley Cyrus,711041,https://open.spotify.com/track/6ZfXA2xakAvphXOSOJ3u1W
177,+Linda,Dalex,710428,https://open.spotify.com/track/5cBrOhKDyiJF9bPGUHKkG0
178,"All of Me",John Legend,709456,https://open.spotify.com/track/3U4isOIWM3VvDubwSI3y7a
179,"Don't Stop Believin'",Journey,705497,https://open.spotify.com/track/4bHsxqR3GMrXTxEPLuK5ue
180,"Pa' Olvidarme De Ella",Piso 21,704748,https://open.spotify.com/track/1cVlW9WQiGlFdWUXFdFZGh
181,"Don't Stop Me Now - 2011 Mix",Queen,699634,https://open.spotify.com/track/5T8EDUDqKcs6OSOwEsfqG7
182,PAM,Justin Quiles,696577,https://open.spotify.com/track/0eeKDrQxjqNl5bX5VCHDcn
183,"Rags2Riches 2 (feat. Lil Baby)",Rod Wave,693024,https://open.spotify.com/track/0qJeyYAgv6UpvewUxRXAhb
184,"Dream Girl - Remix",Ir Sais,692113,https://open.spotify.com/track/099tjv6oy2opbpCOA3nBwX
185,"Something Just Like This",The Chainsmokers,691746,https://open.spotify.com/track/6RUKPb4LETWmmr3iAEQktW
186,"Ain't It Different (feat. AJ Tracey & Stormzy)",Headie One,690407,https://open.spotify.com/track/6NJfIydBMYrXvlaXsFxmc8
187,"The Less I Know The Better",Tame Impala,683927,https://open.spotify.com/track/6K4t31amVTZDgR3sKmwUJJ
188,PORFA,Feid,681693,https://open.spotify.com/track/4TOmcZvw0gHa7GiXRbcYAW
189,"Without Me",Halsey,676821,https://open.spotify.com/track/6FZDfxM3a3UCqtzo5pxSLZ
190,"OUT WEST (feat. Young Thug)",JACKBOYS,676755,https://open.spotify.com/track/6gi6y1xwmVszDWkUqab1qw
191,Daisies,Katy Perry,676522,https://open.spotify.com/track/367wyLNqQMr5e8S2E6Zvpp
192,Moonlight,XXXTENTACION,674359,https://open.spotify.com/track/0JP9xo3adEtGSdUEISiszL
193,"Let Her Go",Passenger,673181,https://open.spotify.com/track/2jyjhRf6DVbMPU5zxagN2h
194,"Someone To You",BANNERS,667873,https://open.spotify.com/track/2f0pn9DkEJwAzXApnFh5cr
195,"Expensive (feat. Nicki Minaj)",Ty Dolla $ign,667153,https://open.spotify.com/track/0IAkpYTRomExXOUJonNMTR
196,"Mr. Brightside",The Killers,667036,https://open.spotify.com/track/003vvx7Niy0yvhvHt4a68B
197,"Every Breath You Take",The Police,665484,https://open.spotify.com/track/1JSTJqkT5qHq8MDJnJbRE1
198,Mariposa,Peach Tree Rascals,663806,https://open.spotify.com/track/4ja2gzrNh9VNigzoXfmbwD
199,"Wonderwall - Remastered",Oasis,662487,https://open.spotify.com/track/5qqabIl2vWzo9ApSC317sa
200,Africa,TOTO,662088,https://open.spotify.com/track/2374M0fQpWi3dLnB54qaLX
